id_feu,siniestro_fecha,provincia,id_provincia,numero,numero_ocupantes,tipo_involucrado,otro_tipo_involucrado,ano_vehiculo,uso_vehiculo,tipo_servicio_vehiculo,tipo_vehiculo_de_movilidad_personal,tipo_de_bicicleta,tipo_de_transporte_de_carga,sustancias_peligrosas,tipo_transporte_pasajeros,tipo_traccion_a_sangre
48796,2018-08-14 7:30:00,CORRIENTES,21,0,1,Automóvil,,2007,Privado,,,,,,,
48796,2018-08-14 7:30:00,CORRIENTES,21,1,1,Automóvil,,2010,Privado,,,,,,,
48823,2018-08-08 15:00:00,CORRIENTES,21,0,1,Automóvil,,2000,,,,,,,,
48823,2018-08-08 15:00:00,CORRIENTES,21,1,1,Automóvil,,2015,Privado,,,,,,,
48832,2018-08-10 14:10:00,CORRIENTES,21,0,1,Automóvil,,2016,Privado,,,,,,,
48832,2018-08-10 14:10:00,CORRIENTES,21,1,1,Motocicleta,,2018,Privado,,,,,,,
48833,2018-08-11 5:06:00,CORRIENTES,21,0,1,Automóvil,,2016,Privado,,,,,,,
48853,2018-08-20 12:30:00,CORRIENTES,21,0,1,Automóvil,,2015,Privado,,,,,,,
48853,2018-08-20 12:30:00,CORRIENTES,21,1,1,Automóvil,,2015,Privado,,,,,,,
48859,2018-08-21 14:20:00,CORRIENTES,21,0,1,Automóvil,,2018,Privado,,,,,,,
48859,2018-08-21 14:20:00,CORRIENTES,21,1,1,Motocicleta,,2010,Privado,Pax,,,,,,
48865,2018-08-23 13:45:00,CORRIENTES,21,0,1,Motocicleta,,2018,Privado,,,,,,,
48869,2018-08-25 10:30:00,CORRIENTES,21,0,1,Automóvil,,2015,Privado,Pax,,,,,,
48869,2018-08-25 10:30:00,CORRIENTES,21,1,1,Automóvil,,2016,,,,,,,,
48870,2018-08-26 6:36:00,CORRIENTES,21,0,3,Camioneta/Utilitario,,2018,Publico,,,,,,,
48870,2018-08-26 6:36:00,CORRIENTES,21,1,1,Otro,,2013,,,,,,,,
48918,2018-09-08 5:45:00,CORRIENTES,21,0,1,Automóvil,,2007,Privado,,,,,,,
48918,2018-09-08 5:45:00,CORRIENTES,21,1,1,Motocicleta,,2013,Privado,,,,,,,
48927,2018-09-12 17:00:00,CORRIENTES,21,0,1,Transporte de carga,,2011,Oficial,Carga,,,,,,
48927,2018-09-12 17:00:00,CORRIENTES,21,1,1,Motocicleta,,2017,Privado,,,,,,,
48937,2018-09-18 0:22:00,CORRIENTES,21,0,1,Motocicleta,,2014,Privado,,,,,,,
48937,2018-09-18 0:22:00,CORRIENTES,21,1,1,Automóvil,,1995,Privado,,,,,,,
48944,2018-09-19 9:00:00,CORRIENTES,21,0,1,Automóvil,,2015,Privado,,,,,,,
48944,2018-09-19 9:00:00,CORRIENTES,21,1,1,Motocicleta,,1941,Privado,,,,,,,
48951,2018-09-20 13:30:00,CORRIENTES,21,0,1,Automóvil,,2015,,,,,,,,
48951,2018-09-20 13:30:00,CORRIENTES,21,1,1,Transporte de carga,,2020,,,,,,,,
48955,2018-09-21 13:00:00,CORRIENTES,21,0,1,Motocicleta,,2006,Privado,,,,,,,
48967,2018-09-26 12:05:00,CORRIENTES,21,0,1,Motocicleta,,2010,Privado,,,,,,,
48967,2018-09-26 12:05:00,CORRIENTES,21,1,1,Motocicleta,,2009,Privado,,,,,,,
48978,2018-09-29 9:20:00,CORRIENTES,21,0,1,Automóvil,,2011,Privado,,,,,,,
48978,2018-09-29 9:20:00,CORRIENTES,21,1,1,Automóvil,,2013,Privado,,,,,,,
48989,2018-10-01 18:05:00,CORRIENTES,21,0,1,Motocicleta,,2017,Privado,,,,,,,
48989,2018-10-01 18:05:00,CORRIENTES,21,1,1,Camioneta/Utilitario,,2011,Privado,,,,,,,
48998,2018-10-08 13:10:00,CORRIENTES,21,0,1,Automóvil,,1999,Privado,,,,,,,
48998,2018-10-08 13:10:00,CORRIENTES,21,1,1,Motocicleta,,2017,Privado,,,,,,,
49013,2018-10-14 11:50:00,CORRIENTES,21,0,1,Motocicleta,,2018,Privado,,,,,,,
49013,2018-10-14 11:50:00,CORRIENTES,21,1,1,Automóvil,,2012,Privado,,,,,,,
49014,2018-10-14 20:50:00,CORRIENTES,21,0,1,Automóvil,,2015,Privado,,,,,,,
49014,2018-10-14 20:50:00,CORRIENTES,21,1,1,Motocicleta,,2018,Privado,Pax,,,,,,
49019,2018-10-17 10:45:00,CORRIENTES,21,0,1,Motocicleta,,2010,Privado,,,,,,,
49019,2018-10-17 10:45:00,CORRIENTES,21,1,1,Automóvil,,2006,,,,,,,,
49025,2018-10-19 14:30:00,CORRIENTES,21,0,1,Motocicleta,,2009,Privado,,,,,,,
49025,2018-10-19 14:30:00,CORRIENTES,21,1,1,Motocicleta,,2018,Privado,,,,,,,
49033,2018-10-23 9:15:00,CORRIENTES,21,0,1,Automóvil,,2015,Privado,,,,,,,
49033,2018-10-23 9:15:00,CORRIENTES,21,1,1,Automóvil,,2014,Privado,,,,,,,
49034,2018-10-23 18:30:00,CORRIENTES,21,0,2,Motocicleta,,2018,Privado,,,,,,,
49034,2018-10-23 18:30:00,CORRIENTES,21,1,1,Automóvil,,2017,Privado,,,,,,,
49050,2018-10-27 23:01:00,CORRIENTES,21,0,1,Automóvil,,2018,,,,,,,,
49050,2018-10-27 23:01:00,CORRIENTES,21,1,1,Transporte de carga,,2011,Privado,,,,,,,
49053,2018-10-29 8:20:00,CORRIENTES,21,0,1,Automóvil,,2015,Publico,,,,,,,
49053,2018-10-29 8:20:00,CORRIENTES,21,1,1,Motocicleta,,2011,,,,,,,,
49056,2018-10-29 20:10:00,CORRIENTES,21,0,1,Motocicleta,,2014,Privado,,,,,,,
49056,2018-10-29 20:10:00,CORRIENTES,21,1,1,Motocicleta,,2017,Privado,,,,,,,
49056,2018-10-29 20:10:00,CORRIENTES,21,2,1,Automóvil,,2014,Privado,,,,,,,
49059,2018-10-31 19:30:00,CORRIENTES,21,0,1,Motocicleta,,2017,Privado,,,,,,,
49059,2018-10-31 19:30:00,CORRIENTES,21,1,1,Automóvil,,2013,Privado,,,,,,,
49065,2018-11-03 7:15:00,CORRIENTES,21,0,1,Motocicleta,,2018,Privado,,,,,,,
49065,2018-11-03 7:15:00,CORRIENTES,21,1,1,Motocicleta,,2011,Privado,,,,,,,
49069,2018-11-05 7:15:00,CORRIENTES,21,0,1,Automóvil,,2012,Privado,Pax,,,,,,
49069,2018-11-05 7:15:00,CORRIENTES,21,1,1,Motocicleta,,2018,Privado,Pax,,,,,,
49069,2018-11-05 7:15:00,CORRIENTES,21,2,1,Motocicleta,,2017,Privado,Pax,,,,,,
49074,2018-11-07 9:15:00,CORRIENTES,21,0,2,Camioneta/Utilitario,,2018,Privado,Pax,,,,,,
49074,2018-11-07 9:15:00,CORRIENTES,21,1,1,Motocicleta,,2018,Privado,Pax,,,,,,
49074,2018-11-07 9:15:00,CORRIENTES,21,2,1,Transporte de pasajeros,,2014,Publico,,,,,,,
49083,2018-11-12 14:00:00,CORRIENTES,21,0,1,Motocicleta,,2012,Privado,,,,,,,
49083,2018-11-12 14:00:00,CORRIENTES,21,1,1,Maquinaria,,2015,Publico,,,,,,,
49084,2018-11-12 16:50:00,CORRIENTES,21,0,1,Automóvil,,2006,Privado,Pax,,,,,,
49084,2018-11-12 16:50:00,CORRIENTES,21,1,1,Automóvil,,2018,Publico,,,,,,,
49092,2018-11-16 7:00:00,CORRIENTES,21,0,1,Automóvil,,2012,,,,,,,,
49092,2018-11-16 7:00:00,CORRIENTES,21,1,1,Motocicleta,,2017,,,,,,,,
49098,2018-11-19 5:30:00,CORRIENTES,21,0,2,Motocicleta,,2012,Privado,,,,,,,
49098,2018-11-19 5:30:00,CORRIENTES,21,1,2,Motocicleta,,2018,Privado,,,,,,,
49110,2018-11-24 11:30:00,CORRIENTES,21,0,1,Automóvil,,2015,Privado,,,,,,,
49110,2018-11-24 11:30:00,CORRIENTES,21,1,1,Motocicleta,,2014,Privado,,,,,,,
49114,2018-11-27 11:00:00,CORRIENTES,21,0,1,Automóvil,,2012,Privado,,,,,,,
49114,2018-11-27 11:00:00,CORRIENTES,21,1,1,Automóvil,,2013,Privado,,,,,,,
49122,2018-11-30 10:00:00,CORRIENTES,21,0,1,Automóvil,,2017,Privado,,,,,,,
49122,2018-11-30 10:00:00,CORRIENTES,21,1,1,Automóvil,,2015,Privado,,,,,,,
49122,2018-11-30 10:00:00,CORRIENTES,21,2,1,Automóvil,,2015,Privado,,,,,,,
49126,2018-12-01 11:20:00,CORRIENTES,21,0,1,Automóvil,,2013,Privado,Emergencia,,,,,,
49126,2018-12-01 11:20:00,CORRIENTES,21,1,1,Motocicleta,,2017,Privado,,,,,,,
49130,2018-12-03 15:05:00,CORRIENTES,21,0,1,Automóvil,,2018,,,,,,,,
49130,2018-12-03 15:05:00,CORRIENTES,21,1,1,Transporte de pasajeros,,2018,Privado,,,,,,,
49134,2018-12-01 9:20:00,CORRIENTES,21,0,1,Camioneta/Utilitario,,2013,Privado,,,,,,,
49134,2018-12-01 9:20:00,CORRIENTES,21,1,1,Transporte de carga,,2013,Oficial,Carga,,,,,,
49135,2018-12-02 9:05:00,CORRIENTES,21,0,1,Automóvil,,2013,Privado,,,,,,,
49135,2018-12-02 9:05:00,CORRIENTES,21,1,1,Motocicleta,,2014,Privado,,,,,,,
49137,2018-12-04 15:20:00,CORRIENTES,21,0,1,Automóvil,,2014,Privado,,,,,,,
49137,2018-12-04 15:20:00,CORRIENTES,21,1,1,Automóvil,,2015,Privado,,,,,,,
49137,2018-12-04 15:20:00,CORRIENTES,21,2,1,Transporte de carga,,2014,Privado,,,,,,,
49140,2018-12-06 11:50:00,CORRIENTES,21,0,1,Automóvil,,2018,Privado,,,,,,,
49140,2018-12-06 11:50:00,CORRIENTES,21,1,1,Transporte de pasajeros,,2013,Privado,,,,,,,
49155,2018-12-09 16:54:00,CORRIENTES,21,0,1,Automóvil,,2017,Privado,,,,,,,
49155,2018-12-09 16:54:00,CORRIENTES,21,1,1,Motocicleta,,2013,Privado,,,,,,,
49159,2018-12-11 18:15:00,CORRIENTES,21,0,1,Motocicleta,,2013,Privado,,,,,,,
49159,2018-12-11 18:15:00,CORRIENTES,21,1,1,Automóvil,,2013,Privado,,,,,,,
49167,2018-12-14 8:00:00,CORRIENTES,21,0,1,Motocicleta,,2018,Privado,,,,,,,
49167,2018-12-14 8:00:00,CORRIENTES,21,1,1,Automóvil,,2017,Publico,Carga,,,,,,
49168,2018-12-14 9:20:00,CORRIENTES,21,0,1,Automóvil,,2014,Privado,,,,,,,
49168,2018-12-14 9:20:00,CORRIENTES,21,1,1,Motocicleta,,2015,Privado,,,,,,,
49180,2018-12-21 0:35:00,CORRIENTES,21,0,1,Motocicleta,,2018,Privado,,,,,,,
49194,2018-12-27 10:45:00,CORRIENTES,21,0,1,Automóvil,,2015,Privado,,,,,,,
49194,2018-12-27 10:45:00,CORRIENTES,21,1,1,Motocicleta,,2009,Privado,,,,,,,
49196,2018-12-29 11:45:00,CORRIENTES,21,0,1,Automóvil,,2018,Privado,,,,,,,
49196,2018-12-29 11:45:00,CORRIENTES,21,1,1,Automóvil,,2012,Privado,,,,,,,
48807,2018-08-03 18:05:00,CORRIENTES,21,0,1,Automóvil,,1998,Privado,,,,,,,
48807,2018-08-03 18:05:00,CORRIENTES,21,1,1,Motocicleta,,2018,,,,,,,,
48810,2018-08-04 10:40:00,CORRIENTES,21,0,1,Automóvil,,1996,Privado,,,,,,,
48810,2018-08-04 10:40:00,CORRIENTES,21,1,1,Motocicleta,,2005,Privado,,,,,,,
48817,2018-08-07 6:15:00,CORRIENTES,21,0,1,Transporte de pasajeros,,2000,Privado,,,,,,,
48817,2018-08-07 6:15:00,CORRIENTES,21,1,1,Motocicleta,,2018,Privado,,,,,,,
48830,2018-08-16 9:00:00,CORRIENTES,21,0,1,Automóvil,,2010,Privado,,,,,,,
48830,2018-08-16 9:00:00,CORRIENTES,21,1,4,Automóvil,,2018,Privado,,,,,,,
48844,2018-08-13 1:50:00,CORRIENTES,21,0,1,Automóvil,,2013,Privado,,,,,,,
48844,2018-08-13 1:50:00,CORRIENTES,21,1,1,Motocicleta,,2018,Privado,,,,,,,
48848,2018-08-17 13:05:00,CORRIENTES,21,0,1,Automóvil,,2014,Privado,,,,,,,
48848,2018-08-17 13:05:00,CORRIENTES,21,1,1,Motocicleta,,2018,Privado,,,,,,,
48850,2018-08-18 21:20:00,CORRIENTES,21,0,-2,Automóvil,,2013,Privado,,,,,,,
48850,2018-08-18 21:20:00,CORRIENTES,21,1,1,Motocicleta,,2014,Privado,,,,,,,
48876,2018-08-26 22:40:00,CORRIENTES,21,0,1,Motocicleta,,2014,Privado,,,,,,,
48876,2018-08-26 22:40:00,CORRIENTES,21,1,1,Motocicleta,,2014,Privado,,,,,,,
48877,2018-08-26 7:30:00,CORRIENTES,21,0,2,Motocicleta,,,Privado,Pax,,,,,,
48877,2018-08-26 7:30:00,CORRIENTES,21,1,1,Motocicleta,,2017,Privado,,,,,,,
48882,2018-08-30 8:30:00,CORRIENTES,21,0,1,Automóvil,,2014,Privado,,,,,,,
48882,2018-08-30 8:30:00,CORRIENTES,21,1,1,Motocicleta,,2017,Privado,,,,,,,
48884,2018-08-30 11:45:00,CORRIENTES,21,0,1,Camioneta/Utilitario,,2012,Privado,,,,,,,
48884,2018-08-30 11:45:00,CORRIENTES,21,1,1,Motocicleta,,2000,Privado,,,,,,,
48888,2018-09-03 16:00:00,CORRIENTES,21,0,1,Automóvil,,2005,Privado,,,,,,,
48888,2018-09-03 16:00:00,CORRIENTES,21,1,2,Motocicleta,,2011,Privado,,,,,,,
48924,2018-09-10 10:15:00,CORRIENTES,21,0,1,Automóvil,,1998,Privado,,,,,,,
48924,2018-09-10 10:15:00,CORRIENTES,21,1,1,Motocicleta,,2017,Privado,,,,,,,
48924,2018-09-10 10:15:00,CORRIENTES,21,2,1,Motocicleta,,2017,Privado,,,,,,,
48935,2018-09-13 19:30:00,CORRIENTES,21,0,2,Motocicleta,,2013,Privado,,,,,,,
48938,2018-09-18 9:00:00,CORRIENTES,21,0,1,Camioneta/Utilitario,,2017,Privado,,,,,,,
48938,2018-09-18 9:00:00,CORRIENTES,21,1,1,Motocicleta,,2014,Privado,,,,,,,
48941,2018-09-17 12:35:00,CORRIENTES,21,0,1,Automóvil,,2014,Privado,,,,,,,
48941,2018-09-17 12:35:00,CORRIENTES,21,1,3,Automóvil,,2015,Privado,,,,,,,
48956,2018-09-21 5:50:00,CORRIENTES,21,0,1,Automóvil,,2014,,,,,,,,
48956,2018-09-21 5:50:00,CORRIENTES,21,1,1,Motocicleta,,2014,,,,,,,,
48960,2018-09-24 23:50:00,CORRIENTES,21,0,1,Motocicleta,,2014,Privado,,,,,,,
48966,2018-09-26 11:30:00,CORRIENTES,21,0,1,Automóvil,,2012,Privado,,,,,,,
48966,2018-09-26 11:30:00,CORRIENTES,21,1,1,Motocicleta,,2011,Privado,,,,,,,
48970,2018-09-27 7:00:00,CORRIENTES,21,0,1,Motocicleta,,2016,Privado,,,,,,,
48970,2018-09-27 7:00:00,CORRIENTES,21,1,1,Automóvil,,1998,Privado,,,,,,,
48972,2018-09-26 12:05:00,CORRIENTES,21,0,1,Automóvil,,2012,Privado,,,,,,,
48972,2018-09-26 12:05:00,CORRIENTES,21,1,1,Transporte de pasajeros,,2012,Publico,,,,,,,
48974,2018-09-27 16:40:00,CORRIENTES,21,0,3,Automóvil,,2016,Privado,,,,,,,
48974,2018-09-27 16:40:00,CORRIENTES,21,1,1,Motocicleta,,,Privado,,,,,,,
48980,2018-09-30 1:03:00,CORRIENTES,21,0,1,Motocicleta,,2010,Privado,,,,,,,
49001,2018-10-09 11:00:00,CORRIENTES,21,0,1,Automóvil,,2011,Privado,,,,,,,
49001,2018-10-09 11:00:00,CORRIENTES,21,1,1,Motocicleta,,2012,Privado,,,,,,,
49026,2018-10-19 17:20:00,CORRIENTES,21,0,1,Motocicleta,,2018,Privado,,,,,,,
49026,2018-10-19 17:20:00,CORRIENTES,21,1,1,Motocicleta,,2010,Privado,,,,,,,
49035,2018-10-22 9:10:00,CORRIENTES,21,0,1,Automóvil,,1992,Privado,,,,,,,
49041,2018-10-25 13:45:00,CORRIENTES,21,0,1,Motocicleta,,2016,Privado,,,,,,,
49041,2018-10-25 13:45:00,CORRIENTES,21,1,1,Automóvil,,2010,Privado,,,,,,,
49045,2018-10-27 1:55:00,CORRIENTES,21,0,1,Motocicleta,,2011,,,,,,,,
49045,2018-10-27 1:55:00,CORRIENTES,21,1,1,Transporte de pasajeros,,2017,Publico,,,,,,,
49046,2018-10-27 9:42:00,CORRIENTES,21,0,1,Automóvil,,2017,Privado,,,,,,,
49046,2018-10-27 9:42:00,CORRIENTES,21,1,1,Automóvil,,2015,Oficial,,,,,,,
49057,2018-10-30 18:15:00,CORRIENTES,21,0,1,Motocicleta,,2018,Privado,,,,,,,
49057,2018-10-30 18:15:00,CORRIENTES,21,1,1,Transporte de carga,,2016,Privado,,,,,,,
49058,2018-10-31 9:45:00,CORRIENTES,21,0,1,Automóvil,,2014,Privado,,,,,,,
49060,2018-11-01 9:00:00,CORRIENTES,21,0,1,Automóvil,,2014,Privado,,,,,,,
49060,2018-11-01 9:00:00,CORRIENTES,21,1,1,Motocicleta,,2017,Privado,,,,,,,
49067,2018-11-03 6:35:00,CORRIENTES,21,0,1,Automóvil,,2005,Privado,,,,,,,
49077,2018-11-07 18:43:00,CORRIENTES,21,0,1,Automóvil,,2006,Privado,Pax,,,,,,
49087,2018-07-15 12:08:00,CORRIENTES,21,0,1,Motocicleta,,2017,Privado,,,,,,,
49094,2018-11-17 8:30:00,CORRIENTES,21,0,1,Automóvil,,2015,Privado,,,,,,,
49094,2018-11-17 8:30:00,CORRIENTES,21,1,1,Motocicleta,,2013,Privado,,,,,,,
49096,2018-11-18 19:00:00,CORRIENTES,21,0,1,Motocicleta,,2018,Privado,,,,,,,
49104,2018-11-21 22:45:00,CORRIENTES,21,0,1,Motocicleta,,2018,Privado,,,,,,,
49104,2018-11-21 22:45:00,CORRIENTES,21,1,1,Motocicleta,,1917,Privado,,,,,,,
49107,2018-11-22 12:50:00,CORRIENTES,21,0,1,Automóvil,,2013,,,,,,,,
49124,2018-12-01 9:10:00,CORRIENTES,21,0,2,Motocicleta,,2017,Privado,,,,,,,
49131,2018-12-03 17:20:00,CORRIENTES,21,0,1,Automóvil,,2018,Privado,,,,,,,
49131,2018-12-03 17:20:00,CORRIENTES,21,1,1,Motocicleta,,2018,Privado,,,,,,,
49133,2018-12-04 13:00:00,CORRIENTES,21,0,1,Automóvil,,2018,Privado,,,,,,,
49133,2018-12-04 13:00:00,CORRIENTES,21,1,1,Motocicleta,,2012,Privado,,,,,,,
49145,2018-12-07 9:05:00,CORRIENTES,21,0,1,Automóvil,,2004,Privado,,,,,,,
49145,2018-12-07 9:05:00,CORRIENTES,21,1,1,Motocicleta,,2002,Privado,,,,,,,
49147,2018-12-07 12:05:00,CORRIENTES,21,0,1,Automóvil,,2013,Privado,,,,,,,
49147,2018-12-07 12:05:00,CORRIENTES,21,1,1,Motocicleta,,2011,,,,,,,,
49149,2018-12-19 17:50:00,CORRIENTES,21,0,1,Motocicleta,,2010,Privado,,,,,,,
49149,2018-12-19 17:50:00,CORRIENTES,21,1,1,Motocicleta,,2017,Privado,,,,,,,
49163,2018-12-23 10:30:00,CORRIENTES,21,0,1,Automóvil,,2018,Privado,,,,,,,
49163,2018-12-23 10:30:00,CORRIENTES,21,1,1,Motocicleta,,2005,Privado,,,,,,,
49165,2018-12-14 15:15:00,CORRIENTES,21,0,1,Motocicleta,,2013,Privado,,,,,,,
49165,2018-12-14 15:15:00,CORRIENTES,21,1,1,Automóvil,,2017,Privado,,,,,,,
49183,2018-12-21 16:10:00,CORRIENTES,21,0,1,Automóvil,,2014,Privado,,,,,,,
49183,2018-12-21 16:10:00,CORRIENTES,21,1,1,Motocicleta,,2018,Privado,,,,,,,
49189,2018-12-24 11:50:00,CORRIENTES,21,0,1,Automóvil,,2010,Privado,,,,,,,
49189,2018-12-24 11:50:00,CORRIENTES,21,1,2,Motocicleta,,2018,Privado,,,,,,,
49191,2018-12-26 9:30:00,CORRIENTES,21,0,1,Automóvil,,2012,Privado,,,,,,,
49191,2018-12-26 9:30:00,CORRIENTES,21,1,2,Motocicleta,,2018,Privado,,,,,,,
49124,2018-12-01 9:10:00,CORRIENTES,21,1,1,Peatón,,,,,,,,,,
49107,2018-11-22 12:50:00,CORRIENTES,21,1,1,Peatón,,,,,,,,,,
49087,2018-07-15 12:08:00,CORRIENTES,21,1,1,Peatón,,,,,,,,,,
48800,2018-08-01 12:30:00,CORRIENTES,21,0,2,Automóvil,,2015,Privado,,,,,,,
48800,2018-08-01 12:30:00,CORRIENTES,21,1,1,Motocicleta,,1917,Privado,,,,,,,
48805,2018-08-03 7:10:00,CORRIENTES,21,0,1,Motocicleta,,2018,Privado,,,,,,,
48813,2018-08-04 13:18:00,CORRIENTES,21,0,1,Motocicleta,,2015,Privado,,,,,,,
48813,2018-08-04 13:18:00,CORRIENTES,21,1,1,Camioneta/Utilitario,,2018,Privado,,,,,,,
48815,2018-07-04 18:25:00,CORRIENTES,21,0,1,Automóvil,,2013,,,,,,,,
48815,2018-07-04 18:25:00,CORRIENTES,21,1,1,Automóvil,,2014,Oficial,Emergencia,,,,,,
48816,2018-08-06 14:20:00,CORRIENTES,21,0,1,Motocicleta,,2013,Privado,,,,,,,
48816,2018-08-06 14:20:00,CORRIENTES,21,1,1,Motocicleta,,2014,,Carga,,,,,,
48835,2018-08-11 7:40:00,CORRIENTES,21,0,1,Motocicleta,,2014,,,,,,,,
48835,2018-08-11 7:40:00,CORRIENTES,21,1,1,Transporte de carga,,2017,Privado,Carga,,,,,,
48836,2018-08-11 7:55:00,CORRIENTES,21,0,1,Automóvil,,2012,Privado,,,,,,,
48836,2018-08-11 7:55:00,CORRIENTES,21,1,1,Automóvil,,2014,Privado,,,,,,,
48841,2018-08-12 11:55:00,CORRIENTES,21,0,1,Automóvil,,2017,Privado,,,,,,,
48841,2018-08-12 11:55:00,CORRIENTES,21,1,1,Motocicleta,,2015,Privado,,,,,,,
48849,2018-08-17 14:00:00,CORRIENTES,21,0,1,Motocicleta,,2014,Privado,,,,,,,
48857,2018-08-06 20:30:00,CORRIENTES,21,0,1,Motocicleta,,2008,Privado,,,,,,,
48861,2018-08-23 9:45:00,CORRIENTES,21,0,1,Automóvil,,2015,Privado,,,,,,,
48861,2018-08-23 9:45:00,CORRIENTES,21,1,1,Motocicleta,,2018,Privado,,,,,,,
48874,2018-08-27 11:25:00,CORRIENTES,21,0,1,Automóvil,,2018,Publico,,,,,,,
48874,2018-08-27 11:25:00,CORRIENTES,21,1,1,Motocicleta,,2013,,,,,,,,
48885,2018-08-30 13:00:00,CORRIENTES,21,0,1,Automóvil,,2014,Privado,,,,,,,
48885,2018-08-30 13:00:00,CORRIENTES,21,1,1,Motocicleta,,2018,Privado,,,,,,,
48909,2018-09-06 10:00:00,CORRIENTES,21,0,1,Motocicleta,,2018,Privado,,,,,,,
48909,2018-09-06 10:00:00,CORRIENTES,21,1,1,Camioneta/Utilitario,,2013,,,,,,,,
48912,2018-09-07 0:00:00,CORRIENTES,21,0,1,Automóvil,,2013,Privado,,,,,,,
48912,2018-09-07 0:00:00,CORRIENTES,21,1,1,Automóvil,,2016,Privado,,,,,,,
48973,2018-09-26 16:30:00,CORRIENTES,21,0,3,Motocicleta,,2017,Privado,,,,,,,
48973,2018-09-26 16:30:00,CORRIENTES,21,1,1,Automóvil,,2017,Privado,,,,,,,
48983,2018-10-01 18:05:00,CORRIENTES,21,0,1,Motocicleta,,2017,Privado,,,,,,,
48983,2018-10-01 18:05:00,CORRIENTES,21,1,1,Camioneta/Utilitario,,2011,,,,,,,,
48992,2018-10-04 10:06:00,CORRIENTES,21,0,1,Automóvil,,1992,Privado,,,,,,,
48992,2018-10-04 10:06:00,CORRIENTES,21,1,1,Motocicleta,,2017,Privado,,,,,,,
48996,2018-10-07 20:25:00,CORRIENTES,21,0,1,Motocicleta,,2018,Privado,,,,,,,
48996,2018-10-07 20:25:00,CORRIENTES,21,1,2,Motocicleta,,2012,Privado,,,,,,,
49020,2018-10-18 0:06:00,CORRIENTES,21,0,1,Automóvil,,1992,Privado,,,,,,,
49020,2018-10-18 0:06:00,CORRIENTES,21,1,1,Automóvil,,2016,Privado,,,,,,,
49037,2018-10-24 17:00:00,CORRIENTES,21,0,1,Camioneta/Utilitario,,2012,,Pax,,,,,,
49037,2018-10-24 17:00:00,CORRIENTES,21,1,1,Motocicleta,,2018,Privado,,,,,,,
49039,2018-10-25 9:15:00,CORRIENTES,21,0,1,Motocicleta,,2017,Privado,,,,,,,
49039,2018-10-25 9:15:00,CORRIENTES,21,1,1,Automóvil,,2014,Privado,,,,,,,
49052,2018-10-29 7:50:00,CORRIENTES,21,0,1,Automóvil,,2018,Privado,,,,,,,
49052,2018-10-29 7:50:00,CORRIENTES,21,1,1,Camioneta/Utilitario,,2018,Privado,,,,,,,
49076,2018-11-07 18:00:00,CORRIENTES,21,0,1,Motocicleta,,2018,Privado,Pax,,,,,,
49076,2018-11-07 18:00:00,CORRIENTES,21,1,1,Automóvil,,2010,Privado,Pax,,,,,,
49086,2018-11-14 19:30:00,CORRIENTES,21,0,1,Automóvil,,2013,Privado,,,,,,,
49086,2018-11-14 19:30:00,CORRIENTES,21,1,1,Automóvil,,2017,Privado,,,,,,,
49090,2018-11-15 18:30:00,CORRIENTES,21,0,1,Automóvil,,2007,,,,,,,,
49090,2018-11-15 18:30:00,CORRIENTES,21,1,1,Automóvil,,2013,Privado,,,,,,,
49093,2018-11-16 7:30:00,CORRIENTES,21,0,1,Automóvil,,2017,,,,,,,,
49093,2018-11-16 7:30:00,CORRIENTES,21,1,1,Motocicleta,,2016,Privado,,,,,,,
49097,2018-11-18 23:30:00,CORRIENTES,21,0,1,Automóvil,,2011,Privado,,,,,,,
49097,2018-11-18 23:30:00,CORRIENTES,21,1,1,Motocicleta,,2014,Privado,,,,,,,
49101,2018-11-21 7:20:00,CORRIENTES,21,0,1,Automóvil,,2007,Privado,,,,,,,
49101,2018-11-21 7:20:00,CORRIENTES,21,1,1,Motocicleta,,2010,Privado,,,,,,,
49112,2018-11-25 10:00:00,CORRIENTES,21,0,1,Automóvil,,2015,Privado,,,,,,,
49112,2018-11-25 10:00:00,CORRIENTES,21,1,1,Motocicleta,,2018,,,,,,,,
49148,2018-12-07 13:35:00,CORRIENTES,21,0,1,Motocicleta,,2010,Privado,,,,,,,
49148,2018-12-07 13:35:00,CORRIENTES,21,1,1,Automóvil,,2018,Privado,,,,,,,
49154,2018-12-09 10:08:00,CORRIENTES,21,0,1,Motocicleta,,2008,Privado,,,,,,,
49156,2018-12-10 22:45:00,CORRIENTES,21,0,1,Automóvil,,2009,Privado,,,,,,,
49164,2018-12-13 11:30:00,CORRIENTES,21,0,1,Automóvil,,2016,Publico,,,,,,,
49164,2018-12-13 11:30:00,CORRIENTES,21,1,1,Motocicleta,,2018,Privado,,,,,,,
49172,2018-12-13 18:35:00,CORRIENTES,21,0,1,Motocicleta,,2013,Privado,,,,,,,
49176,2018-12-18 17:30:00,CORRIENTES,21,0,1,Motocicleta,,2018,Privado,,,,,,,
49176,2018-12-18 17:30:00,CORRIENTES,21,1,1,Motocicleta,,2017,Privado,,,,,,,
49181,2018-12-21 9:37:00,CORRIENTES,21,0,1,Automóvil,,2009,Privado,,,,,,,
49181,2018-12-21 9:37:00,CORRIENTES,21,1,1,Motocicleta,,2017,Privado,,,,,,,
49195,2018-12-29 10:50:00,CORRIENTES,21,0,1,Motocicleta,,2017,Privado,,,,,,,
49195,2018-12-29 10:50:00,CORRIENTES,21,1,1,Peatón,,,,,,,,,,
49156,2018-12-10 22:45:00,CORRIENTES,21,1,1,Peatón,,,,,,,,,,
48803,2018-08-02 10:30:00,CORRIENTES,21,0,1,Motocicleta,,2012,Privado,,,,,,,
48803,2018-08-02 10:30:00,CORRIENTES,21,1,1,Camioneta/Utilitario,,2000,Privado,,,,,,,
48804,2018-08-02 20:10:00,CORRIENTES,21,0,1,Motocicleta,,2013,Privado,,,,,,,
48814,2018-08-04 14:05:00,CORRIENTES,21,0,1,Automóvil,,2018,Privado,,,,,,,
48814,2018-08-04 14:05:00,CORRIENTES,21,1,1,Transporte de carga,,2000,Privado,,,,,,,
48822,2018-08-08 12:30:00,CORRIENTES,21,0,1,Automóvil,,2015,Privado,,,,,,,
48822,2018-08-08 12:30:00,CORRIENTES,21,1,1,Motocicleta,,2018,Privado,,,,,,,
48827,2018-08-15 14:40:00,CORRIENTES,21,0,1,Automóvil,,2017,Privado,,,,,,,
48827,2018-08-15 14:40:00,CORRIENTES,21,1,1,Transporte de carga,,2003,Privado,,,,,,,
48828,2018-08-16 20:10:00,CORRIENTES,21,0,2,Motocicleta,,2017,Privado,,,,,,,
48829,2018-08-15 15:15:00,CORRIENTES,21,0,2,Motocicleta,,2012,Privado,,,,,,,
48829,2018-08-15 15:15:00,CORRIENTES,21,1,1,Motocicleta,,2015,Privado,Pax,,,,,,
48831,2018-08-10 8:20:00,CORRIENTES,21,0,1,Automóvil,,2013,Privado,,,,,,,
48831,2018-08-10 8:20:00,CORRIENTES,21,1,1,Motocicleta,,2018,,,,,,,,
48868,2018-08-25 8:00:00,CORRIENTES,21,0,1,Automóvil,,2009,Publico,,,,,,,
48868,2018-08-25 8:00:00,CORRIENTES,21,1,1,Motocicleta,,2001,Privado,,,,,,,
48871,2018-08-26 2:40:00,CORRIENTES,21,0,1,Motocicleta,,2017,Privado,,,,,,,
48871,2018-08-26 2:40:00,CORRIENTES,21,1,2,Camioneta/Utilitario,,2012,Privado,,,,,,,
48875,2018-08-27 13:20:00,CORRIENTES,21,0,1,Automóvil,,2009,Privado,,,,,,,
48875,2018-08-27 13:20:00,CORRIENTES,21,1,1,Automóvil,,2014,Privado,,,,,,,
48875,2018-08-27 13:20:00,CORRIENTES,21,2,1,Automóvil,,2008,,,,,,,,
48879,2018-08-28 8:10:00,CORRIENTES,21,0,1,Automóvil,,2018,Privado,Pax,,,,,,
48879,2018-08-28 8:10:00,CORRIENTES,21,1,1,Motocicleta,,2011,Privado,Pax,,,,,,
48887,2018-09-01 11:16:00,CORRIENTES,21,0,1,Automóvil,,2018,Privado,,,,,,,
48887,2018-09-01 11:16:00,CORRIENTES,21,1,1,Automóvil,,2000,Privado,,,,,,,
48894,2018-08-31 6:00:00,CORRIENTES,21,0,1,Motocicleta,,2008,Privado,,,,,,,
48895,2018-08-31 6:30:00,CORRIENTES,21,0,1,Motocicleta,,2011,Privado,,,,,,,
48897,2018-08-31 8:30:00,CORRIENTES,21,0,1,Automóvil,,2018,Privado,,,,,,,
48897,2018-08-31 8:30:00,CORRIENTES,21,1,1,Motocicleta,,2011,,,,,,,,
48899,2018-09-01 14:25:00,CORRIENTES,21,0,2,Motocicleta,,2009,Privado,,,,,,,
48899,2018-09-01 14:25:00,CORRIENTES,21,1,2,Automóvil,,2013,Privado,,,,,,,
48905,2018-09-04 19:00:00,CORRIENTES,21,0,1,Automóvil,,2017,Privado,,,,,,,
48905,2018-09-04 19:00:00,CORRIENTES,21,1,1,Automóvil,,2017,Privado,,,,,,,
48911,2018-09-07 15:08:00,CORRIENTES,21,0,1,Automóvil,,,,,,,,,,
48911,2018-09-07 15:08:00,CORRIENTES,21,1,1,Motocicleta,,2008,,,,,,,,
48911,2018-09-07 15:08:00,CORRIENTES,21,2,1,Camioneta/Utilitario,,2018,,,,,,,,
48923,2018-09-09 22:00:00,CORRIENTES,21,0,1,Motocicleta,,2017,Privado,,,,,,,
48926,2018-09-13 5:00:00,CORRIENTES,21,0,1,Automóvil,,2018,Privado,,,,,,,
48926,2018-09-13 5:00:00,CORRIENTES,21,1,1,Motocicleta,,2010,Privado,,,,,,,
48929,2018-09-12 11:20:00,CORRIENTES,21,0,1,Transporte de carga,,1998,Privado,Carga,,,,,,
48929,2018-09-12 11:20:00,CORRIENTES,21,1,1,Transporte de carga,,1994,Privado,Carga,,,,,,
48932,2018-09-17 15:45:00,CORRIENTES,21,0,1,Automóvil,,2005,,,,,,,,
48932,2018-09-17 15:45:00,CORRIENTES,21,1,1,Motocicleta,,53,,,,,,,,
48932,2018-09-17 15:45:00,CORRIENTES,21,2,1,Automóvil,,1978,,,,,,,,
48936,2018-09-17 12:15:00,CORRIENTES,21,0,1,Motocicleta,,2010,Privado,,,,,,,
48942,2018-09-18 17:20:00,CORRIENTES,21,0,1,Motocicleta,,2018,Privado,,,,,,,
48946,2018-09-18 23:05:00,CORRIENTES,21,0,1,Transporte de carga,,2000,Privado,Carga,,,,,,
48948,2018-09-18 23:05:00,CORRIENTES,21,1,1,Transporte de carga,,2017,Privado,Carga,,,,,,
48952,2018-09-20 15:05:00,CORRIENTES,21,0,1,Automóvil,,2016,Privado,,,,,,,
48952,2018-09-20 15:05:00,CORRIENTES,21,1,1,Motocicleta,,2015,Privado,,,,,,,
48961,2018-09-25 12:20:00,CORRIENTES,21,0,1,Automóvil,,2016,Privado,,,,,,,
48961,2018-09-25 12:20:00,CORRIENTES,21,1,1,Motocicleta,,1998,,,,,,,,
48971,2018-09-27 7:20:00,CORRIENTES,21,0,1,Automóvil,,2000,Privado,,,,,,,
48971,2018-09-27 7:20:00,CORRIENTES,21,1,2,Motocicleta,,2010,Privado,,,,,,,
48987,2018-10-02 17:00:00,CORRIENTES,21,0,1,Automóvil,,2013,Publico,,,,,,,
48987,2018-10-02 17:00:00,CORRIENTES,21,1,2,Motocicleta,,2017,Privado,,,,,,,
49003,2018-10-07 21:45:00,CORRIENTES,21,0,1,Automóvil,,2012,Privado,,,,,,,
49003,2018-10-07 21:45:00,CORRIENTES,21,1,1,Motocicleta,,2000,Privado,,,,,,,
49009,2018-10-12 9:20:00,CORRIENTES,21,0,1,Automóvil,,2015,Privado,,,,,,,
49021,2018-10-22 13:35:00,CORRIENTES,21,0,1,Automóvil,,2009,Privado,,,,,,,
49021,2018-10-22 13:35:00,CORRIENTES,21,1,1,Motocicleta,,2011,Privado,,,,,,,
49024,2018-10-18 16:50:00,CORRIENTES,21,0,1,Automóvil,,2010,Publico,,,,,,,
49024,2018-10-18 16:50:00,CORRIENTES,21,1,2,Motocicleta,,2010,Privado,,,,,,,
49032,2018-10-21 19:10:00,CORRIENTES,21,0,2,Motocicleta,,2018,Privado,,,,,,,
49032,2018-10-21 19:10:00,CORRIENTES,21,1,1,Automóvil,,2007,Privado,,,,,,,
49048,2018-10-27 13:48:00,CORRIENTES,21,0,1,Automóvil,,2018,Privado,,,,,,,
49048,2018-10-27 13:48:00,CORRIENTES,21,1,1,Motocicleta,,2002,Privado,,,,,,,
49055,2018-10-29 18:30:00,CORRIENTES,21,0,1,Automóvil,,2016,,,,,,,,
49055,2018-10-29 18:30:00,CORRIENTES,21,1,1,Camioneta/Utilitario,,2007,Privado,,,,,,,
49061,2018-11-01 18:05:00,CORRIENTES,21,0,2,Motocicleta,,2011,Privado,,,,,,,
49061,2018-11-01 18:05:00,CORRIENTES,21,1,1,Motocicleta,,2008,,,,,,,,
49063,2018-11-02 19:00:00,CORRIENTES,21,0,1,Automóvil,,2007,Privado,,,,,,,
49063,2018-11-02 19:00:00,CORRIENTES,21,1,1,Motocicleta,,2018,Privado,,,,,,,
49075,2018-11-07 17:45:00,CORRIENTES,21,0,1,Automóvil,,2014,Privado,,,,,,,
49075,2018-11-07 17:45:00,CORRIENTES,21,1,1,Motocicleta,,2006,Privado,Pax,,,,,,
49103,2018-11-21 16:55:00,CORRIENTES,21,0,1,Automóvil,,2015,Privado,,,,,,,
49103,2018-11-21 16:55:00,CORRIENTES,21,1,1,Automóvil,,2018,Privado,,,,,,,
49103,2018-11-21 16:55:00,CORRIENTES,21,2,1,Automóvil,,2018,Privado,,,,,,,
49115,2018-11-27 20:45:00,CORRIENTES,21,0,1,Motocicleta,,2012,Privado,,,,,,,
49115,2018-11-27 20:45:00,CORRIENTES,21,1,1,Bicicleta,,2017,Privado,,,,,,,
49115,2018-11-27 20:45:00,CORRIENTES,21,2,1,Bicicleta,,2018,Privado,,,,,,,
49116,2018-11-28 8:11:00,CORRIENTES,21,0,1,Automóvil,,2012,Privado,,,,,,,
49116,2018-11-28 8:11:00,CORRIENTES,21,1,1,Transporte de carga,,2005,Privado,,,,,,,
49169,2018-12-14 10:00:00,CORRIENTES,21,0,1,Automóvil,,2018,Privado,,,,,,,
49169,2018-12-14 10:00:00,CORRIENTES,21,1,1,Motocicleta,,2015,Privado,,,,,,,
49186,2018-12-22 11:45:00,CORRIENTES,21,0,1,Automóvil,,2018,,,,,,,,
49186,2018-12-22 11:45:00,CORRIENTES,21,1,1,Motocicleta,,2018,Privado,,,,,,,
49193,2018-12-27 8:15:00,CORRIENTES,21,0,1,Camioneta/Utilitario,,2018,Privado,,,,,,,
49193,2018-12-27 8:15:00,CORRIENTES,21,1,2,Motocicleta,,2013,Privado,,,,,,,
49197,2018-12-29 21:00:00,CORRIENTES,21,0,1,Automóvil,,2012,Privado,,,,,,,
49197,2018-12-29 21:00:00,CORRIENTES,21,1,1,Motocicleta,,2018,Privado,,,,,,,
49009,2018-10-12 9:20:00,CORRIENTES,21,1,1,Peatón,,,,,,,,,,
48948,2018-09-18 23:05:00,CORRIENTES,21,0,1,Peatón,,,,,,,,,,
48946,2018-09-18 23:05:00,CORRIENTES,21,1,1,Peatón,,,,,,,,,,
48942,2018-09-18 17:20:00,CORRIENTES,21,1,1,Peatón,,,,,,,,,,
48936,2018-09-17 12:15:00,CORRIENTES,21,1,1,Peatón,,,,,,,,,,
48808,2018-08-04 1:10:00,CORRIENTES,21,0,1,Camioneta/Utilitario,,2000,Privado,,,,,,,
48821,2018-08-07 20:30:00,CORRIENTES,21,0,1,Motocicleta,,2000,Privado,,,,,,,
48821,2018-08-07 20:30:00,CORRIENTES,21,1,1,Motocicleta,,0,Privado,,,,,,,
48824,2018-08-13 18:30:00,CORRIENTES,21,0,1,Automóvil,,2011,Privado,,,,,,,
48824,2018-08-13 18:30:00,CORRIENTES,21,1,1,Motocicleta,,2018,Oficial,,,,,,,
48834,2018-08-11 6:44:00,CORRIENTES,21,0,1,Camioneta/Utilitario,,2013,Privado,,,,,,,
48834,2018-08-11 6:44:00,CORRIENTES,21,1,1,Automóvil,,2013,,,,,,,,
48843,2018-08-12 10:10:00,CORRIENTES,21,0,1,Automóvil,,2011,Privado,,,,,,,
48846,2018-08-16 16:40:00,CORRIENTES,21,0,1,Automóvil,,2017,Privado,,,,,,,
48846,2018-08-16 16:40:00,CORRIENTES,21,1,1,Transporte de pasajeros,,2016,Publico,,,,,,,
48852,2018-08-20 21:05:00,CORRIENTES,21,0,1,Automóvil,,2012,Privado,,,,,,,
48852,2018-08-20 21:05:00,CORRIENTES,21,1,1,Automóvil,,2013,Privado,,,,,,,
48881,2018-08-30 9:00:00,CORRIENTES,21,0,1,Motocicleta,,2018,Privado,,,,,,,
48881,2018-08-30 9:00:00,CORRIENTES,21,1,1,Transporte de carga,,1998,,,,,,,,
48891,2018-09-02 2:00:00,CORRIENTES,21,0,1,Automóvil,,2000,Privado,,,,,,,
48891,2018-09-02 2:00:00,CORRIENTES,21,1,1,Motocicleta,,,Privado,,,,,,,
48892,2018-08-30 18:30:00,CORRIENTES,21,0,1,Automóvil,,2009,Privado,,,,,,,
48892,2018-08-30 18:30:00,CORRIENTES,21,1,1,Motocicleta,,2016,,,,,,,,
48892,2018-08-30 18:30:00,CORRIENTES,21,2,1,Motocicleta,,2018,Privado,,,,,,,
48896,2018-08-31 14:45:00,CORRIENTES,21,0,1,Automóvil,,2008,Privado,Pax,,,,,,
48896,2018-08-31 14:45:00,CORRIENTES,21,1,1,Motocicleta,,2008,Privado,,,,,,,
48900,2018-09-01 20:15:00,CORRIENTES,21,0,1,Motocicleta,,2011,Privado,,,,,,,
48914,2018-09-08 17:40:00,CORRIENTES,21,0,1,Automóvil,,2012,Privado,,,,,,,
48914,2018-09-08 17:40:00,CORRIENTES,21,1,1,Transporte de pasajeros,,2018,Publico,,,,,,,
48930,2018-09-17 8:40:00,CORRIENTES,21,0,1,Motocicleta,,2012,Privado,,,,,,,
48933,2018-09-17 17:45:00,CORRIENTES,21,0,1,Motocicleta,,2012,,,,,,,,
48933,2018-09-17 17:45:00,CORRIENTES,21,1,1,Motocicleta,,2016,,,,,,,,
48934,2018-09-15 16:04:00,CORRIENTES,21,0,1,Motocicleta,,2014,Privado,,,,,,,
48962,2018-09-25 13:50:00,CORRIENTES,21,0,1,Motocicleta,,1999,,,,,,,,
48962,2018-09-25 13:50:00,CORRIENTES,21,1,1,Otro,,2018,Privado,,,,,,,
48965,2018-09-26 10:10:00,CORRIENTES,21,0,1,Automóvil,,2012,Privado,,,,,,,
48965,2018-09-26 10:10:00,CORRIENTES,21,1,1,Transporte de pasajeros,,2013,Publico,,,,,,,
48991,2018-10-03 10:00:00,CORRIENTES,21,0,1,Automóvil,,2013,Privado,,,,,,,
48991,2018-10-03 10:00:00,CORRIENTES,21,1,1,Motocicleta,,2017,Privado,,,,,,,
48995,2018-10-10 17:00:00,CORRIENTES,21,0,1,Motocicleta,,2018,Privado,,,,,,,
48995,2018-10-10 17:00:00,CORRIENTES,21,1,1,Bicicleta,,2014,,,,,,,,
49012,2018-10-13 23:20:00,CORRIENTES,21,0,1,Automóvil,,2010,,,,,,,,
49012,2018-10-13 23:20:00,CORRIENTES,21,1,1,Motocicleta,,2018,,,,,,,,
49022,2018-10-18 13:45:00,CORRIENTES,21,0,1,Motocicleta,,2018,Privado,,,,,,,
49022,2018-10-18 13:45:00,CORRIENTES,21,1,1,Camioneta/Utilitario,,2015,Privado,,,,,,,
49027,2018-10-20 10:55:00,CORRIENTES,21,0,1,Automóvil,,2012,Privado,,,,,,,
49027,2018-10-20 10:55:00,CORRIENTES,21,1,1,Transporte de carga,,2011,,,,,,,,
49030,2018-10-20 21:30:00,CORRIENTES,21,0,1,Automóvil,,2018,Privado,,,,,,,
49030,2018-10-20 21:30:00,CORRIENTES,21,1,1,Motocicleta,,2011,Privado,,,,,,,
49042,2018-10-25 14:35:00,CORRIENTES,21,0,1,Motocicleta,,2017,Privado,,,,,,,
49043,2018-10-26 9:00:00,CORRIENTES,21,0,1,Automóvil,,2011,Privado,,,,,,,
49043,2018-10-26 9:00:00,CORRIENTES,21,1,1,Automóvil,,2009,Privado,,,,,,,
49044,2018-10-27 16:30:00,CORRIENTES,21,0,1,Automóvil,,2017,Privado,,,,,,,
49044,2018-10-27 16:30:00,CORRIENTES,21,1,1,Automóvil,,2010,Privado,,,,,,,
49054,2018-10-29 15:15:00,CORRIENTES,21,0,1,Automóvil,,2013,Privado,Pax,,,,,,
49054,2018-10-29 15:15:00,CORRIENTES,21,1,1,Motocicleta,,2012,,,,,,,,
49071,2018-11-06 14:40:00,CORRIENTES,21,0,1,Camioneta/Utilitario,,1997,Privado,Pax,,,,,,
49071,2018-11-06 14:40:00,CORRIENTES,21,1,1,Automóvil,,2012,Privado,Pax,,,,,,
49078,2018-11-08 7:45:00,CORRIENTES,21,0,3,Motocicleta,,2017,Privado,Pax,,,,,,
49078,2018-11-08 7:45:00,CORRIENTES,21,1,1,Motocicleta,,2010,Privado,Pax,,,,,,
49081,2018-11-09 16:15:00,CORRIENTES,21,0,2,Motocicleta,,2017,Privado,,,,,,,
49081,2018-11-09 16:15:00,CORRIENTES,21,1,1,Motocicleta,,2018,Privado,,,,,,,
49091,2018-11-15 19:10:00,CORRIENTES,21,0,1,Automóvil,,2017,,,,,,,,
49091,2018-11-15 19:10:00,CORRIENTES,21,1,1,Camioneta/Utilitario,,1986,Publico,,,,,,,
49111,2018-11-25 7:00:00,CORRIENTES,21,0,1,Automóvil,,2016,,,,,,,,
49111,2018-11-25 7:00:00,CORRIENTES,21,1,1,Transporte de pasajeros,,2015,Publico,,,,,,,
49117,2018-11-28 13:30:00,CORRIENTES,21,0,1,Automóvil,,2014,Privado,,,,,,,
49117,2018-11-28 13:30:00,CORRIENTES,21,1,1,Transporte de carga,,2013,Privado,,,,,,,
49127,2018-12-02 0:30:00,CORRIENTES,21,0,1,Automóvil,,2013,Privado,,,,,,,
49127,2018-12-02 0:30:00,CORRIENTES,21,1,1,Automóvil,,1999,,,,,,,,
49128,2018-12-02 8:30:00,CORRIENTES,21,0,1,Camioneta/Utilitario,,2005,Privado,,,,,,,
49136,2018-12-04 7:00:00,CORRIENTES,21,0,1,Automóvil,,2017,Privado,,,,,,,
49136,2018-12-04 7:00:00,CORRIENTES,21,1,1,Automóvil,,2013,Privado,,,,,,,
49143,2018-12-07 6:10:00,CORRIENTES,21,0,1,Automóvil,,2004,,,,,,,,
49143,2018-12-07 6:10:00,CORRIENTES,21,1,1,Camioneta/Utilitario,,2011,,,,,,,,
49170,2018-12-14 11:00:00,CORRIENTES,21,0,1,Automóvil,,2010,Privado,,,,,,,
49170,2018-12-14 11:00:00,CORRIENTES,21,1,1,Motocicleta,,2017,Privado,,,,,,,
49171,2018-12-16 13:00:00,CORRIENTES,21,0,1,Motocicleta,,2017,Privado,,,,,,,
49171,2018-12-16 13:00:00,CORRIENTES,21,1,1,Transporte de carga,,2013,Privado,Carga,,,,,,
49175,2018-12-18 12:40:00,CORRIENTES,21,0,1,Camioneta/Utilitario,,2015,Privado,,,,,,,
49175,2018-12-18 12:40:00,CORRIENTES,21,1,1,Motocicleta,,2018,Publico,Carga,,,,,,
49179,2018-12-20 12:10:00,CORRIENTES,21,0,1,Automóvil,,2011,Privado,,,,,,,
49179,2018-12-20 12:10:00,CORRIENTES,21,1,1,Automóvil,,2018,Privado,,,,,,,
49179,2018-12-20 12:10:00,CORRIENTES,21,2,1,Automóvil,,2015,Privado,,,,,,,
49187,2018-12-23 10:15:00,CORRIENTES,21,0,1,Automóvil,,2008,Privado,,,,,,,
49187,2018-12-23 10:15:00,CORRIENTES,21,1,1,Motocicleta,,2014,Privado,,,,,,,
49190,2018-12-25 8:32:00,CORRIENTES,21,0,1,Automóvil,,2011,Privado,,,,,,,
49190,2018-12-25 8:32:00,CORRIENTES,21,1,1,Bicicleta,,2018,Privado,,,,,,,
49192,2018-12-27 7:30:00,CORRIENTES,21,0,1,Automóvil,,2018,Privado,,,,,,,
49192,2018-12-27 7:30:00,CORRIENTES,21,1,1,Motocicleta,,2017,Privado,,,,,,,
49200,2018-12-30 19:30:00,CORRIENTES,21,0,1,Motocicleta,,2018,Privado,,,,,,,
49212,2018-01-11 0:30:00,CORRIENTES,21,0,1,Camioneta/Utilitario,,2013,,,,,,,,
49212,2018-01-11 0:30:00,CORRIENTES,21,1,1,Motocicleta,,,,,,,,,,
48900,2018-09-01 20:15:00,CORRIENTES,21,1,1,Peatón,,,,,,,,,,
48797,2018-08-01 7:50:00,CORRIENTES,21,0,1,Automóvil,,2015,Privado,,,,,,,
48797,2018-08-01 7:50:00,CORRIENTES,21,1,1,Motocicleta,,2015,Privado,,,,,,,
48798,2018-08-01 10:40:00,CORRIENTES,21,0,1,Automóvil,,2016,Privado,,,,,,,
48798,2018-08-01 10:40:00,CORRIENTES,21,1,1,Motocicleta,,2017,Privado,,,,,,,
48802,2018-08-01 16:15:00,CORRIENTES,21,0,1,Motocicleta,,2018,Privado,Pax,,,,,,
48802,2018-08-01 16:15:00,CORRIENTES,21,1,1,Transporte de pasajeros,,2017,,,,,,,,
48811,2018-08-04 11:00:00,CORRIENTES,21,0,1,Automóvil,,2006,Privado,,,,,,,
48811,2018-08-04 11:00:00,CORRIENTES,21,1,1,Camioneta/Utilitario,,2018,Privado,,,,,,,
48812,2018-08-04 11:25:00,CORRIENTES,21,0,1,Automóvil,,2015,Privado,,,,,,,
48812,2018-08-04 11:25:00,CORRIENTES,21,1,1,Camioneta/Utilitario,,2010,Privado,,,,,,,
48840,2018-08-12 6:19:00,CORRIENTES,21,0,1,Motocicleta,,2012,Privado,,,,,,,
48840,2018-08-12 6:19:00,CORRIENTES,21,1,1,Motocicleta,,2012,Privado,,,,,,,
48847,2018-08-16 12:15:00,CORRIENTES,21,0,1,Motocicleta,,2017,Privado,,,,,,,
48847,2018-08-16 12:15:00,CORRIENTES,21,1,1,Motocicleta,,2013,Privado,,,,,,,
48851,2018-08-19 6:37:00,CORRIENTES,21,0,1,Automóvil,,2013,Privado,,,,,,,
48851,2018-08-19 6:37:00,CORRIENTES,21,1,1,Automóvil,,2017,Privado,,,,,,,
48854,2018-08-09 17:00:00,CORRIENTES,21,0,1,Automóvil,,2014,Privado,,,,,,,
48854,2018-08-09 17:00:00,CORRIENTES,21,1,1,Motocicleta,,2013,,,,,,,,
48856,2018-08-21 13:10:00,CORRIENTES,21,0,1,Automóvil,,2012,Privado,,,,,,,
48856,2018-08-21 13:10:00,CORRIENTES,21,1,1,Motocicleta,,2014,Privado,,,,,,,
48858,2018-08-06 17:45:00,CORRIENTES,21,0,1,Automóvil,,2013,Oficial,,,,,,,
48858,2018-08-06 17:45:00,CORRIENTES,21,1,2,Motocicleta,,2017,Privado,Pax,,,,,,
48863,2018-08-23 10:20:00,CORRIENTES,21,0,1,Automóvil,,2018,Privado,,,,,,,
48863,2018-08-23 10:20:00,CORRIENTES,21,1,1,Motocicleta,,0,Privado,,,,,,,
48878,2018-07-06 13:40:00,CORRIENTES,21,0,1,Automóvil,,2011,Privado,,,,,,,
48878,2018-07-06 13:40:00,CORRIENTES,21,1,1,Automóvil,,2011,Privado,,,,,,,
48878,2018-07-06 13:40:00,CORRIENTES,21,2,1,Camioneta/Utilitario,,2010,,,,,,,,
48928,2018-09-12 10:10:00,CORRIENTES,21,0,1,Automóvil,,2014,Publico,,,,,,,
48928,2018-09-12 10:10:00,CORRIENTES,21,1,3,Motocicleta,,2018,Privado,,,,,,,
48945,2018-09-18 20:45:00,CORRIENTES,21,0,1,Automóvil,,2011,Privado,,,,,,,
48945,2018-09-18 20:45:00,CORRIENTES,21,1,2,Motocicleta,,2010,Privado,,,,,,,
48968,2018-09-26 12:38:00,CORRIENTES,21,0,1,Motocicleta,,2017,Privado,,,,,,,
48968,2018-09-26 12:38:00,CORRIENTES,21,1,1,Camioneta/Utilitario,,2013,Privado,,,,,,,
48969,2018-09-25 20:15:00,CORRIENTES,21,0,1,Automóvil,,2013,Privado,,,,,,,
48969,2018-09-25 20:15:00,CORRIENTES,21,1,1,Motocicleta,,2010,Privado,,,,,,,
48975,2018-09-29 6:20:00,CORRIENTES,21,0,1,Automóvil,,2013,Publico,,,,,,,
48975,2018-09-29 6:20:00,CORRIENTES,21,1,1,Automóvil,,2009,Privado,,,,,,,
48986,2018-09-27 10:15:00,CORRIENTES,21,0,1,Automóvil,,2017,Privado,,,,,,,
48986,2018-09-27 10:15:00,CORRIENTES,21,1,1,Camioneta/Utilitario,,2018,,,,,,,,
49002,2018-10-10 12:10:00,CORRIENTES,21,0,1,Motocicleta,,2010,Privado,,,,,,,
49002,2018-10-10 12:10:00,CORRIENTES,21,1,1,Motocicleta,,2011,Privado,,,,,,,
49008,2018-10-11 11:30:00,CORRIENTES,21,0,1,Automóvil,,2014,Privado,,,,,,,
49008,2018-10-11 11:30:00,CORRIENTES,21,1,1,Motocicleta,,2013,Privado,,,,,,,
49008,2018-10-11 11:30:00,CORRIENTES,21,2,1,Motocicleta,,2012,Privado,,,,,,,
49011,2018-10-13 17:50:00,CORRIENTES,21,0,1,Motocicleta,,2018,,,,,,,,
49011,2018-10-13 17:50:00,CORRIENTES,21,1,1,Automóvil,,2013,Publico,,,,,,,
49018,2018-10-17 8:30:00,CORRIENTES,21,0,1,Automóvil,,2014,Privado,,,,,,,
49018,2018-10-17 8:30:00,CORRIENTES,21,1,1,Motocicleta,,2007,Privado,,,,,,,
49040,2018-10-25 9:30:00,CORRIENTES,21,0,1,Automóvil,,2013,Privado,,,,,,,
49040,2018-10-25 9:30:00,CORRIENTES,21,1,1,Motocicleta,,2013,Privado,,,,,,,
49047,2018-10-27 12:45:00,CORRIENTES,21,0,1,Motocicleta,,2018,Privado,,,,,,,
49062,2018-11-02 12:50:00,CORRIENTES,21,0,1,Automóvil,,2012,,,,,,,,
49062,2018-11-02 12:50:00,CORRIENTES,21,1,1,Motocicleta,,2007,,,,,,,,
49068,2018-11-05 17:50:00,CORRIENTES,21,0,1,Motocicleta,,2018,Privado,,,,,,,
49068,2018-11-05 17:50:00,CORRIENTES,21,1,1,Bicicleta,,2018,Privado,,,,,,,
49073,2018-11-07 9:00:00,CORRIENTES,21,0,1,Motocicleta,,2018,Privado,Pax,,,,,,
49073,2018-11-07 9:00:00,CORRIENTES,21,1,3,Motocicleta,,2018,Privado,Pax,,,,,,
49082,2018-11-10 21:15:00,CORRIENTES,21,0,1,Camioneta/Utilitario,,2014,Privado,Pax,,,,,,
49082,2018-11-10 21:15:00,CORRIENTES,21,1,1,Bicicleta,,2018,,,,,,,,
49088,2018-11-15 12:08:00,CORRIENTES,21,0,1,Motocicleta,,2018,Privado,,,,,,,
49099,2018-11-19 7:15:00,CORRIENTES,21,0,1,Transporte de carga,,2013,Privado,Carga,,,,,,
49100,2018-11-20 7:00:00,CORRIENTES,21,0,2,Automóvil,,2012,Privado,,,,,,,
49100,2018-11-20 7:00:00,CORRIENTES,21,1,1,Motocicleta,,2007,Privado,,,,,,,
49125,2018-12-01 10:12:00,CORRIENTES,21,0,1,Automóvil,,2013,Privado,,,,,,,
49125,2018-12-01 10:12:00,CORRIENTES,21,1,1,Motocicleta,,2018,Privado,,,,,,,
49150,2018-12-08 17:40:00,CORRIENTES,21,0,1,Automóvil,,2008,Privado,,,,,,,
49150,2018-12-08 17:40:00,CORRIENTES,21,1,1,Motocicleta,,2008,,,,,,,,
49157,2018-12-11 15:10:00,CORRIENTES,21,0,1,Automóvil,,2013,Publico,,,,,,,
49157,2018-12-11 15:10:00,CORRIENTES,21,1,1,Motocicleta,,2017,Publico,,,,,,,
49173,2018-12-17 7:30:00,CORRIENTES,21,0,1,Automóvil,,2007,Privado,,,,,,,
49173,2018-12-17 7:30:00,CORRIENTES,21,1,1,Motocicleta,,2018,Privado,,,,,,,
49182,2018-12-21 8:25:00,CORRIENTES,21,0,1,Automóvil,,2000,Privado,,,,,,,
49182,2018-12-21 8:25:00,CORRIENTES,21,1,1,Automóvil,,2006,Privado,,,,,,,
49185,2018-12-22 6:40:00,CORRIENTES,21,0,2,Automóvil,,2006,Privado,,,,,,,
49185,2018-12-22 6:40:00,CORRIENTES,21,1,1,Automóvil,,2010,,,,,,,,
49198,2018-12-30 6:23:00,CORRIENTES,21,0,1,Automóvil,,2014,Privado,,,,,,,
49099,2018-11-19 7:15:00,CORRIENTES,21,1,1,Peatón,,,,,,,,,,
49088,2018-11-15 12:08:00,CORRIENTES,21,1,1,Peatón,,,,,,,,,,
48799,2018-08-01 12:30:00,CORRIENTES,21,0,1,Motocicleta,,2015,Privado,,,,,,,
48799,2018-08-01 12:30:00,CORRIENTES,21,1,1,Motocicleta,,2018,Privado,,,,,,,
48801,2018-08-01 15:30:00,CORRIENTES,21,0,1,Automóvil,,2014,Privado,,,,,,,
48801,2018-08-01 15:30:00,CORRIENTES,21,1,1,Motocicleta,,2018,Privado,,,,,,,
48806,2018-08-03 8:50:00,CORRIENTES,21,0,1,Automóvil,,2012,Privado,,,,,,,
48806,2018-08-03 8:50:00,CORRIENTES,21,1,1,Automóvil,,2015,Privado,,,,,,,
48818,2018-08-07 11:25:00,CORRIENTES,21,0,1,Automóvil,,2018,Privado,,,,,,,
48818,2018-08-07 11:25:00,CORRIENTES,21,1,1,Automóvil,,2000,,,,,,,,
48820,2018-08-07 19:30:00,CORRIENTES,21,0,1,Automóvil,,2017,Privado,Pax,,,,,,
48820,2018-08-07 19:30:00,CORRIENTES,21,1,1,Motocicleta,,2012,Privado,Pax,,,,,,
48825,2018-08-09 8:10:00,CORRIENTES,21,0,1,Motocicleta,,2012,Privado,,,,,,,
48825,2018-08-09 8:10:00,CORRIENTES,21,1,1,Transporte de carga,,2003,,,,,,,,
48826,2018-08-15 8:12:00,CORRIENTES,21,0,1,Automóvil,,2011,Privado,,,,,,,
48826,2018-08-15 8:12:00,CORRIENTES,21,1,1,Motocicleta,,2015,Privado,Pax,,,,,,
48826,2018-08-15 8:12:00,CORRIENTES,21,2,1,Automóvil,,2009,Privado,,,,,,,
48837,2018-08-11 9:15:00,CORRIENTES,21,0,1,Automóvil,,2013,Privado,,,,,,,
48837,2018-08-11 9:15:00,CORRIENTES,21,1,1,Automóvil,,2017,Privado,,,,,,,
48838,2018-08-11 12:00:00,CORRIENTES,21,0,1,Automóvil,,2017,Privado,,,,,,,
48838,2018-08-11 12:00:00,CORRIENTES,21,1,1,Automóvil,,2014,Privado,,,,,,,
48839,2018-08-12 3:41:00,CORRIENTES,21,0,1,Automóvil,,2018,Privado,,,,,,,
48839,2018-08-12 3:41:00,CORRIENTES,21,1,1,Motocicleta,,2017,Privado,,,,,,,
48845,2018-08-16 13:00:00,CORRIENTES,21,0,1,Motocicleta,,2013,Privado,,,,,,,
48845,2018-08-16 13:00:00,CORRIENTES,21,1,1,Camioneta/Utilitario,,2014,Privado,,,,,,,
48855,2018-08-21 7:35:00,CORRIENTES,21,0,1,Automóvil,,2014,Privado,,,,,,,
48855,2018-08-21 7:35:00,CORRIENTES,21,1,1,Motocicleta,,2012,Privado,,,,,,,
48862,2018-08-23 8:00:00,CORRIENTES,21,0,1,Automóvil,,2018,Privado,Pax,,,,,,
48862,2018-08-23 8:00:00,CORRIENTES,21,1,1,Motocicleta,,2012,,,,,,,,
48864,2018-08-23 12:10:00,CORRIENTES,21,0,1,Motocicleta,,2012,Privado,Pax,,,,,,
48864,2018-08-23 12:10:00,CORRIENTES,21,1,1,Motocicleta,,2015,Privado,Pax,,,,,,
48866,2018-08-25 5:10:00,CORRIENTES,21,0,1,Automóvil,,2017,Privado,Pax,,,,,,
48867,2018-08-25 7:30:00,CORRIENTES,21,0,1,Motocicleta,,2001,Privado,,,,,,,
48872,2018-08-26 7:10:00,CORRIENTES,21,0,1,Motocicleta,,2018,Privado,,,,,,,
48872,2018-08-26 7:10:00,CORRIENTES,21,1,1,Automóvil,,2018,Privado,,,,,,,
48880,2018-08-29 14:30:00,CORRIENTES,21,0,1,Automóvil,,2015,,,,,,,,
48880,2018-08-29 14:30:00,CORRIENTES,21,1,1,Automóvil,,2007,Privado,,,,,,,
48890,2018-09-03 13:00:00,CORRIENTES,21,0,1,Automóvil,,2018,Privado,,,,,,,
48890,2018-09-03 13:00:00,CORRIENTES,21,1,2,Motocicleta,,2004,Privado,,,,,,,
48893,2018-08-30 19:30:00,CORRIENTES,21,0,1,Automóvil,,1996,Privado,,,,,,,
48901,2018-09-02 4:40:00,CORRIENTES,21,0,1,Automóvil,,2016,Privado,,,,,,,
48901,2018-09-02 4:40:00,CORRIENTES,21,1,1,Motocicleta,,2010,Privado,,,,,,,
48902,2018-09-05 6:50:00,CORRIENTES,21,0,1,Automóvil,,2017,Privado,Pax,,,,,,
48902,2018-09-05 6:50:00,CORRIENTES,21,1,1,Motocicleta,,2017,Privado,,,,,,,
48906,2018-09-04 18:45:00,CORRIENTES,21,0,1,Automóvil,,2016,Privado,,,,,,,
48906,2018-09-04 18:45:00,CORRIENTES,21,1,1,Motocicleta,,2018,Privado,,,,,,,
48910,2018-09-06 13:45:00,CORRIENTES,21,0,1,Motocicleta,,2018,,,,,,,,
48910,2018-09-06 13:45:00,CORRIENTES,21,1,1,Motocicleta,,2008,,,,,,,,
48913,2018-09-07 20:15:00,CORRIENTES,21,0,1,Automóvil,,2011,Privado,,,,,,,
48913,2018-09-07 20:15:00,CORRIENTES,21,1,1,Automóvil,,2016,Privado,,,,,,,
48915,2018-09-11 16:00:00,CORRIENTES,21,0,1,Automóvil,,2018,Privado,,,,,,,
48915,2018-09-11 16:00:00,CORRIENTES,21,1,1,Automóvil,,2018,Privado,,,,,,,
48916,2018-09-08 19:00:00,CORRIENTES,21,0,1,Automóvil,,2013,Privado,,,,,,,
48916,2018-09-08 19:00:00,CORRIENTES,21,1,2,Motocicleta,,2013,Privado,,,,,,,
48917,2018-09-08 7:45:00,CORRIENTES,21,0,1,Automóvil,,2017,Privado,,,,,,,
48917,2018-09-08 7:45:00,CORRIENTES,21,1,1,Automóvil,,2009,Privado,,,,,,,
48921,2018-09-09 22:15:00,CORRIENTES,21,0,4,Automóvil,,2013,Publico,,,,,,,
48921,2018-09-09 22:15:00,CORRIENTES,21,1,1,Motocicleta,,2014,Privado,,,,,,,
48922,2018-09-08 19:30:00,CORRIENTES,21,0,2,Motocicleta,,2017,Privado,,,,,,,
48931,2018-09-14 7:45:00,CORRIENTES,21,0,1,Automóvil,,2008,,,,,,,,
48931,2018-09-14 7:45:00,CORRIENTES,21,1,1,Automóvil,,2005,,,,,,,,
48939,2018-09-18 12:35:00,CORRIENTES,21,0,1,Automóvil,,2018,Privado,,,,,,,
48939,2018-09-18 12:35:00,CORRIENTES,21,1,1,Motocicleta,,2018,,,,,,,,
48943,2018-09-18 18:10:00,CORRIENTES,21,0,1,Automóvil,,2005,Privado,,,,,,,
48943,2018-09-18 18:10:00,CORRIENTES,21,1,1,Camioneta/Utilitario,,2018,Privado,,,,,,,
48949,2018-02-20 8:15:00,CORRIENTES,21,0,1,Automóvil,,2016,Privado,,,,,,,
48949,2018-02-20 8:15:00,CORRIENTES,21,1,1,Motocicleta,,2017,,,,,,,,
48950,2018-09-20 12:48:00,CORRIENTES,21,0,1,Automóvil,,2017,,,,,,,,
48950,2018-09-20 12:48:00,CORRIENTES,21,1,1,Automóvil,,2015,,,,,,,,
48954,2018-09-20 18:20:00,CORRIENTES,21,0,1,Automóvil,,2010,Privado,,,,,,,
48954,2018-09-20 18:20:00,CORRIENTES,21,1,1,Motocicleta,,2017,Privado,,,,,,,
48958,2018-09-24 11:20:00,CORRIENTES,21,0,1,Automóvil,,2009,Privado,,,,,,,
48958,2018-09-24 11:20:00,CORRIENTES,21,1,1,Automóvil,,2011,Privado,,,,,,,
48959,2018-09-24 23:40:00,CORRIENTES,21,0,1,Automóvil,,2013,Privado,,,,,,,
48959,2018-09-24 23:40:00,CORRIENTES,21,1,1,Motocicleta,,2012,Privado,,,,,,,
48977,2018-09-29 21:00:00,CORRIENTES,21,0,1,Automóvil,,2011,Privado,,,,,,,
48977,2018-09-29 21:00:00,CORRIENTES,21,1,1,Transporte de pasajeros,,2011,Publico,,,,,,,
48981,2018-09-30 7:00:00,CORRIENTES,21,0,1,Camioneta/Utilitario,,2008,Privado,,,,,,,
48985,2018-09-28 13:00:00,CORRIENTES,21,0,1,Motocicleta,,2017,Privado,,,,,,,
48985,2018-09-28 13:00:00,CORRIENTES,21,1,1,Automóvil,,2013,Privado,,,,,,,
48999,2018-10-09 12:50:00,CORRIENTES,21,0,1,Automóvil,,2013,Privado,,,,,,,
48999,2018-10-09 12:50:00,CORRIENTES,21,1,1,Motocicleta,,2010,Privado,,,,,,,
49000,2018-10-09 11:40:00,CORRIENTES,21,0,1,Motocicleta,,2018,Privado,,,,,,,
49000,2018-10-09 11:40:00,CORRIENTES,21,1,2,Motocicleta,,2009,Privado,,,,,,,
49010,2018-10-12 11:25:00,CORRIENTES,21,0,1,Automóvil,,2013,Privado,,,,,,,
49010,2018-10-12 11:25:00,CORRIENTES,21,1,1,Motocicleta,,2012,Privado,,,,,,,
49015,2018-10-14 10:40:00,CORRIENTES,21,0,1,Automóvil,,2016,Privado,,,,,,,
49015,2018-10-14 10:40:00,CORRIENTES,21,1,1,Motocicleta,,2012,Privado,,,,,,,
49016,2018-10-15 12:00:00,CORRIENTES,21,0,2,Automóvil,,2018,Privado,,,,,,,
49016,2018-10-15 12:00:00,CORRIENTES,21,1,1,Motocicleta,,2012,Privado,,,,,,,
49017,2018-10-18 19:45:00,CORRIENTES,21,0,1,Automóvil,,2017,Privado,,,,,,,
49017,2018-10-18 19:45:00,CORRIENTES,21,1,2,Motocicleta,,2018,Privado,,,,,,,
49023,2018-10-18 14:10:00,CORRIENTES,21,0,1,Automóvil,,2013,Privado,,,,,,,
49023,2018-10-18 14:10:00,CORRIENTES,21,1,1,Motocicleta,,2014,Privado,,,,,,,
49028,2018-10-21 6:40:00,CORRIENTES,21,0,1,Automóvil,,2017,Privado,,,,,,,
49029,2018-10-21 12:15:00,CORRIENTES,21,0,2,Motocicleta,,2017,Privado,,,,,,,
49029,2018-10-21 12:15:00,CORRIENTES,21,1,2,Motocicleta,,2017,Privado,,,,,,,
49036,2018-10-26 12:40:00,CORRIENTES,21,0,2,Motocicleta,,2017,Privado,,,,,,,
49036,2018-10-26 12:40:00,CORRIENTES,21,1,1,Transporte de pasajeros,,2013,Publico,,,,,,,
49064,2018-11-06 7:00:00,CORRIENTES,21,0,1,Motocicleta,,2017,Privado,,,,,,,
49064,2018-11-06 7:00:00,CORRIENTES,21,1,1,Automóvil,,2012,,,,,,,,
49066,2018-11-05 7:35:00,CORRIENTES,21,0,1,Automóvil,,2010,Privado,,,,,,,
49066,2018-11-05 7:35:00,CORRIENTES,21,1,1,Motocicleta,,2017,Privado,,,,,,,
49070,2018-11-06 8:30:00,CORRIENTES,21,0,1,Motocicleta,,2018,Privado,Pax,,,,,,
49080,2018-11-09 14:15:00,CORRIENTES,21,0,1,Automóvil,,2016,Privado,Pax,,,,,,
49080,2018-11-09 14:15:00,CORRIENTES,21,1,1,Motocicleta,,2010,,,,,,,,
49089,2018-11-15 14:00:00,CORRIENTES,21,0,1,Automóvil,,2017,Privado,,,,,,,
49089,2018-11-15 14:00:00,CORRIENTES,21,1,1,Automóvil,,2017,Privado,,,,,,,
49119,2018-11-28 17:40:00,CORRIENTES,21,0,1,Automóvil,,2010,Privado,,,,,,,
49119,2018-11-28 17:40:00,CORRIENTES,21,1,1,Motocicleta,,2014,Privado,,,,,,,
49121,2018-11-30 9:15:00,CORRIENTES,21,0,1,Automóvil,,2017,Privado,,,,,,,
49121,2018-11-30 9:15:00,CORRIENTES,21,1,1,Automóvil,,2017,Privado,,,,,,,
49121,2018-11-30 9:15:00,CORRIENTES,21,2,1,Automóvil,,2014,Privado,,,,,,,
49123,2018-12-01 7:30:00,CORRIENTES,21,0,1,Motocicleta,,2015,Privado,,,,,,,
49123,2018-12-01 7:30:00,CORRIENTES,21,1,1,Motocicleta,,2017,Oficial,Emergencia,,,,,,
49139,2018-12-05 6:30:00,CORRIENTES,21,0,1,Automóvil,,2016,Privado,,,,,,,
49139,2018-12-05 6:30:00,CORRIENTES,21,1,1,Automóvil,,2014,Privado,,,,,,,
49142,2018-11-06 22:20:00,CORRIENTES,21,0,1,Motocicleta,,2012,Privado,,,,,,,
49142,2018-11-06 22:20:00,CORRIENTES,21,1,1,Motocicleta,,2015,Privado,,,,,,,
49152,2018-12-09 7:10:00,CORRIENTES,21,0,1,Automóvil,,2011,Privado,,,,,,,
49152,2018-12-09 7:10:00,CORRIENTES,21,1,1,Automóvil,,2012,Privado,,,,,,,
49153,2018-12-09 7:15:00,CORRIENTES,21,0,1,Automóvil,,2018,Privado,,,,,,,
49153,2018-12-09 7:15:00,CORRIENTES,21,1,1,Automóvil,,2015,,,,,,,,
49162,2018-12-12 18:50:00,CORRIENTES,21,0,1,Automóvil,,2017,,,,,,,,
49162,2018-12-12 18:50:00,CORRIENTES,21,1,1,Automóvil,,2017,Privado,,,,,,,
49166,2018-12-14 7:30:00,CORRIENTES,21,0,1,Automóvil,,2012,Privado,,,,,,,
49166,2018-12-14 7:30:00,CORRIENTES,21,1,1,Motocicleta,,2012,Privado,,,,,,,
49178,2018-12-20 9:20:00,CORRIENTES,21,0,1,Automóvil,,2018,Privado,,,,,,,
49178,2018-12-20 9:20:00,CORRIENTES,21,1,1,Automóvil,,2018,Privado,,,,,,,
49178,2018-12-20 9:20:00,CORRIENTES,21,2,1,Automóvil,,2015,Privado,,,,,,,
49178,2018-12-20 9:20:00,CORRIENTES,21,3,1,Automóvil,,2010,Privado,,,,,,,
49188,2018-12-23 11:11:00,CORRIENTES,21,0,1,Automóvil,,2010,Privado,,,,,,,
49188,2018-12-23 11:11:00,CORRIENTES,21,1,1,Camioneta/Utilitario,,2010,Privado,,,,,,,
48922,2018-09-08 19:30:00,CORRIENTES,21,1,1,Peatón,,,,,,,,,,
48893,2018-08-30 19:30:00,CORRIENTES,21,1,1,Peatón,,,,,,,,,,
48809,2018-08-04 6:30:00,CORRIENTES,21,0,2,Automóvil,,2018,Privado,,,,,,,
48819,2018-08-07 19:30:00,CORRIENTES,21,0,1,Automóvil,,1994,Privado,,,,,,,
48819,2018-08-07 19:30:00,CORRIENTES,21,1,1,Motocicleta,,2016,Privado,,,,,,,
48842,2018-08-12 14:05:00,CORRIENTES,21,0,1,Automóvil,,2017,Privado,,,,,,,
48842,2018-08-12 14:05:00,CORRIENTES,21,1,1,Motocicleta,,2017,Privado,,,,,,,
48860,2018-08-22 23:30:00,CORRIENTES,21,0,1,Motocicleta,,2015,Privado,Pax,,,,,,
48860,2018-08-22 23:30:00,CORRIENTES,21,1,1,Camioneta/Utilitario,,2018,Privado,Pax,,,,,,
48873,2018-08-26 21:02:00,CORRIENTES,21,0,1,Motocicleta,,2018,Privado,,,,,,,
48873,2018-08-26 21:02:00,CORRIENTES,21,1,1,Motocicleta,,2018,Privado,,,,,,,
48883,2018-08-30 11:30:00,CORRIENTES,21,0,1,Camioneta/Utilitario,,,Privado,,,,,,,
48883,2018-08-30 11:30:00,CORRIENTES,21,1,1,Transporte de carga,,2017,,,,,,,,
48886,2018-09-03 9:20:00,CORRIENTES,21,0,1,Automóvil,,2013,Privado,,,,,,,
48886,2018-09-03 9:20:00,CORRIENTES,21,1,5,Motocicleta,,2016,Privado,,,,,,,
48889,2018-09-02 7:48:00,CORRIENTES,21,0,1,Motocicleta,,2011,Privado,,,,,,,
48889,2018-09-02 7:48:00,CORRIENTES,21,1,1,Bicicleta,,2017,Privado,,,,,,,
48898,2018-09-04 18:15:00,CORRIENTES,21,0,1,Motocicleta,,2009,Privado,,,,,,,
48898,2018-09-04 18:15:00,CORRIENTES,21,1,1,Motocicleta,,2017,Privado,,,,,,,
48903,2018-08-02 4:30:00,CORRIENTES,21,0,1,Automóvil,,2011,Privado,,,,,,,
48903,2018-08-02 4:30:00,CORRIENTES,21,1,1,Automóvil,,2016,Privado,,,,,,,
48904,2018-09-04 10:30:00,CORRIENTES,21,0,1,Motocicleta,,2018,Privado,,,,,,,
48907,2018-09-04 20:20:00,CORRIENTES,21,0,1,Motocicleta,,2018,Privado,,,,,,,
48908,2018-09-05 13:30:00,CORRIENTES,21,0,1,Automóvil,,2007,Privado,,,,,,,
48908,2018-09-05 13:30:00,CORRIENTES,21,1,1,Motocicleta,,2018,Privado,,,,,,,
48919,2018-09-08 10:43:00,CORRIENTES,21,0,1,Automóvil,,2011,Publico,,,,,,,
48919,2018-09-08 10:43:00,CORRIENTES,21,1,1,Automóvil,,2013,Privado,,,,,,,
48920,2018-09-09 18:30:00,CORRIENTES,21,0,1,Automóvil,,2013,Publico,,,,,,,
48920,2018-09-09 18:30:00,CORRIENTES,21,1,1,Motocicleta,,2010,Privado,,,,,,,
48925,2018-09-11 11:45:00,CORRIENTES,21,0,1,Automóvil,,2018,Privado,,,,,,,
48925,2018-09-11 11:45:00,CORRIENTES,21,1,1,Automóvil,,2013,Publico,,,,,,,
48925,2018-09-11 11:45:00,CORRIENTES,21,2,1,Automóvil,,2013,Privado,,,,,,,
48940,2018-09-18 17:30:00,CORRIENTES,21,0,1,Automóvil,,2016,Privado,,,,,,,
48940,2018-09-18 17:30:00,CORRIENTES,21,1,1,Motocicleta,,2018,Privado,,,,,,,
48947,2018-09-19 12:30:00,CORRIENTES,21,0,1,Automóvil,,2007,,,,,,,,
48947,2018-09-19 12:30:00,CORRIENTES,21,1,1,Motocicleta,,2017,Privado,,,,,,,
48953,2018-09-20 17:35:00,CORRIENTES,21,0,1,Automóvil,,2010,Privado,,,,,,,
48953,2018-09-20 17:35:00,CORRIENTES,21,1,1,Motocicleta,,2018,Privado,,,,,,,
48957,2018-09-25 1:00:00,CORRIENTES,21,0,1,Automóvil,,2017,Privado,,,,,,,
48957,2018-09-25 1:00:00,CORRIENTES,21,1,1,Motocicleta,,2018,Privado,,,,,,,
48963,2018-09-26 7:55:00,CORRIENTES,21,0,1,Automóvil,,2017,Privado,,,,,,,
48963,2018-09-26 7:55:00,CORRIENTES,21,1,1,Motocicleta,,2017,Privado,,,,,,,
48964,2018-09-26 9:00:00,CORRIENTES,21,0,1,Motocicleta,,2010,Privado,,,,,,,
48976,2018-09-29 6:50:00,CORRIENTES,21,0,1,Motocicleta,,,Privado,,,,,,,
48979,2018-09-30 7:17:00,CORRIENTES,21,0,3,Automóvil,,2013,Privado,,,,,,,
48979,2018-09-30 7:17:00,CORRIENTES,21,1,1,Transporte de pasajeros,,2011,Publico,,,,,,,
48982,2018-10-01 18:15:00,CORRIENTES,21,0,1,Motocicleta,,2014,Privado,,,,,,,
48984,2018-10-01 3:30:00,CORRIENTES,21,0,1,Motocicleta,,2017,Privado,,,,,,,
48988,2018-10-05 9:10:00,CORRIENTES,21,0,1,Automóvil,,2013,,,,,,,,
48988,2018-10-05 9:10:00,CORRIENTES,21,1,1,Motocicleta,,2010,Privado,,,,,,,
48990,2018-10-02 21:45:00,CORRIENTES,21,0,1,Automóvil,,2010,,,,,,,,
48990,2018-10-02 21:45:00,CORRIENTES,21,1,1,Motocicleta,,2010,Privado,,,,,,,
48993,2018-10-05 10:45:00,CORRIENTES,21,0,1,Motocicleta,,2018,Privado,,,,,,,
48993,2018-10-05 10:45:00,CORRIENTES,21,1,1,Automóvil,,2018,Privado,,,,,,,
48994,2018-10-10 4:45:00,CORRIENTES,21,0,1,Automóvil,,2014,Privado,,,,,,,
48994,2018-10-10 4:45:00,CORRIENTES,21,1,1,Motocicleta,,2012,Privado,,,,,,,
48997,2018-10-07 11:40:00,CORRIENTES,21,1,1,Automóvil,,1998,Privado,,,,,,,
48997,2018-10-07 11:40:00,CORRIENTES,21,2,1,Motocicleta,,2017,Privado,,,,,,,
49004,2018-10-09 19:00:00,CORRIENTES,21,0,1,Motocicleta,,2012,Privado,,,,,,,
49005,2018-10-11 0:15:00,CORRIENTES,21,0,1,Automóvil,,2013,Privado,,,,,,,
49005,2018-10-11 0:15:00,CORRIENTES,21,1,1,Motocicleta,,2017,Privado,,,,,,,
49006,2018-10-11 8:30:00,CORRIENTES,21,0,1,Automóvil,,2015,Privado,,,,,,,
49006,2018-10-11 8:30:00,CORRIENTES,21,1,1,Motocicleta,,2018,Privado,,,,,,,
49007,2018-10-11 11:30:00,CORRIENTES,21,0,1,Motocicleta,,2018,Privado,,,,,,,
49007,2018-10-11 11:30:00,CORRIENTES,21,1,1,Automóvil,,2018,Privado,,,,,,,
49031,2018-10-14 18:20:00,CORRIENTES,21,0,1,Automóvil,,,,,,,,,,
49031,2018-10-14 18:20:00,CORRIENTES,21,1,1,Automóvil,,1972,,,,,,,,
49038,2018-10-25 5:40:00,CORRIENTES,21,0,1,Motocicleta,,2018,Privado,,,,,,,
49038,2018-10-25 5:40:00,CORRIENTES,21,1,1,Automóvil,,2013,Publico,,,,,,,
49049,2018-10-27 17:00:00,CORRIENTES,21,0,1,Automóvil,,2017,Privado,,,,,,,
49049,2018-10-27 17:00:00,CORRIENTES,21,1,1,Automóvil,,2002,Privado,,,,,,,
49051,2018-10-28 21:00:00,CORRIENTES,21,0,1,Automóvil,,1994,Privado,,,,,,,
49051,2018-10-28 21:00:00,CORRIENTES,21,1,1,Camioneta/Utilitario,,2018,Privado,,,,,,,
49072,2018-11-06 17:35:00,CORRIENTES,21,0,1,Motocicleta,,2008,Privado,Pax,,,,,,
49072,2018-11-06 17:35:00,CORRIENTES,21,1,1,Automóvil,,2016,Privado,Pax,,,,,,
49079,2018-11-09 13:50:00,CORRIENTES,21,0,1,Motocicleta,,2018,Privado,Pax,,,,,,
49079,2018-11-09 13:50:00,CORRIENTES,21,1,1,Automóvil,,2014,Privado,,,,,,,
49085,2018-11-14 16:00:00,CORRIENTES,21,0,1,Automóvil,,2017,Privado,,,,,,,
49085,2018-11-14 16:00:00,CORRIENTES,21,1,1,Camioneta/Utilitario,,2005,Publico,,,,,,,
49095,2018-11-18 12:20:00,CORRIENTES,21,0,1,Automóvil,,2015,Privado,,,,,,,
49095,2018-11-18 12:20:00,CORRIENTES,21,1,1,Motocicleta,,2017,Privado,,,,,,,
49102,2018-11-21 9:00:00,CORRIENTES,21,0,8,Transporte de pasajeros,,2011,Privado,,,,,,,
49105,2018-11-22 8:00:00,CORRIENTES,21,0,1,Automóvil,,2017,Privado,,,,,,,
49105,2018-11-22 8:00:00,CORRIENTES,21,1,1,Motocicleta,,2018,,,,,,,,
49106,2018-11-22 10:15:00,CORRIENTES,21,0,1,Automóvil,,2006,Privado,,,,,,,
49106,2018-11-22 10:15:00,CORRIENTES,21,1,1,Automóvil,,2014,Privado,,,,,,,
49108,2018-11-22 22:50:00,CORRIENTES,21,0,1,Automóvil,,2018,Privado,,,,,,,
49108,2018-11-22 22:50:00,CORRIENTES,21,1,1,Automóvil,,2018,Privado,,,,,,,
49109,2018-11-24 8:15:00,CORRIENTES,21,0,1,Automóvil,,2008,Privado,,,,,,,
49109,2018-11-24 8:15:00,CORRIENTES,21,1,1,Automóvil,,2009,Privado,,,,,,,
49109,2018-11-24 8:15:00,CORRIENTES,21,2,1,Automóvil,,2009,Privado,,,,,,,
49109,2018-11-24 8:15:00,CORRIENTES,21,3,1,Motocicleta,,2018,,,,,,,,
49113,2018-11-27 7:50:00,CORRIENTES,21,0,1,Motocicleta,,2018,,,,,,,,
49113,2018-11-27 7:50:00,CORRIENTES,21,1,1,Transporte de carga,,1994,Privado,,,,,,,
49118,2018-11-28 14:20:00,CORRIENTES,21,0,1,Automóvil,,2007,Privado,,,,,,,
49118,2018-11-28 14:20:00,CORRIENTES,21,1,1,Motocicleta,,2015,Privado,,,,,,,
49120,2018-11-30 7:05:00,CORRIENTES,21,0,1,Automóvil,,2016,Privado,,,,,,,
49120,2018-11-30 7:05:00,CORRIENTES,21,1,1,Motocicleta,,2017,Privado,,,,,,,
49129,2018-12-02 13:05:00,CORRIENTES,21,0,2,Motocicleta,,2015,,,,,,,,
49129,2018-12-02 13:05:00,CORRIENTES,21,1,1,Camioneta/Utilitario,,2018,Privado,,,,,,,
49132,2018-12-04 8:10:00,CORRIENTES,21,0,1,Automóvil,,2017,Privado,,,,,,,
49132,2018-12-04 8:10:00,CORRIENTES,21,1,1,Motocicleta,,2018,Privado,,,,,,,
49138,2018-12-04 16:00:00,CORRIENTES,21,0,1,Automóvil,,2013,Privado,,,,,,,
49138,2018-12-04 16:00:00,CORRIENTES,21,1,1,Automóvil,,2014,Privado,,,,,,,
49141,2018-12-06 18:10:00,CORRIENTES,21,0,1,Automóvil,,2013,,,,,,,,
49141,2018-12-06 18:10:00,CORRIENTES,21,1,1,Motocicleta,,2012,Privado,,,,,,,
49144,2018-11-07 8:40:00,CORRIENTES,21,0,1,Automóvil,,2018,Privado,,,,,,,
49144,2018-11-07 8:40:00,CORRIENTES,21,1,1,Motocicleta,,2007,,,,,,,,
49146,2018-12-07 11:05:00,CORRIENTES,21,0,1,Camioneta/Utilitario,,2017,Privado,,,,,,,
49146,2018-12-07 11:05:00,CORRIENTES,21,1,1,Motocicleta,,2013,Privado,,,,,,,
49151,2018-12-08 19:15:00,CORRIENTES,21,0,1,Motocicleta,,2000,Privado,,,,,,,
49158,2018-12-11 17:45:00,CORRIENTES,21,0,1,Camioneta/Utilitario,,2013,Privado,,,,,,,
49158,2018-12-11 17:45:00,CORRIENTES,21,1,1,Transporte de pasajeros,,2018,Publico,,,,,,,
49160,2018-12-11 21:00:00,CORRIENTES,21,0,1,Motocicleta,,2013,,,,,,,,
49161,2018-12-12 18:15:00,CORRIENTES,21,0,1,Motocicleta,,2013,Privado,,,,,,,
49161,2018-12-12 18:15:00,CORRIENTES,21,1,1,Camioneta/Utilitario,,2014,Privado,,,,,,,
49174,2018-12-17 15:50:00,CORRIENTES,21,0,1,Motocicleta,,2018,Privado,,,,,,,
49174,2018-12-17 15:50:00,CORRIENTES,21,1,1,Automóvil,,2016,Privado,,,,,,,
49177,2018-12-19 13:30:00,CORRIENTES,21,0,1,Camioneta/Utilitario,,2014,Privado,,,,,,,
49177,2018-12-19 13:30:00,CORRIENTES,21,1,1,Automóvil,,2015,Privado,,,,,,,
49184,2018-12-09 10:30:00,CORRIENTES,21,0,1,Automóvil,,2018,Privado,,,,,,,
49184,2018-12-09 10:30:00,CORRIENTES,21,1,1,Motocicleta,,2018,Privado,,,,,,,
49199,2018-12-30 7:00:00,CORRIENTES,21,0,1,Automóvil,,2012,Privado,Pax,,,,,,
49160,2018-12-11 21:00:00,CORRIENTES,21,1,1,Peatón,,,,,,,,,,
49004,2018-10-09 19:00:00,CORRIENTES,21,1,1,Peatón,,,,,,,,,,
48997,2018-10-07 11:40:00,CORRIENTES,21,0,1,Peatón,,,,,,,,,,
48982,2018-10-01 18:15:00,CORRIENTES,21,1,1,Peatón,,,,,,,,,,
48904,2018-09-04 10:30:00,CORRIENTES,21,1,1,Peatón,,,,,,,,,,